"","hsCodeId","panjivaRecordId","hsCode"
"1",21451609,184110145,"9403.90"
"2",21451610,184110205,"4202.92.91.00; 9608.20.00.00"
"3",27724155,184736005,""
"4",27724156,184695299,""
"5",21451618,184110435,""
"6",21451619,184110455,"4202.12"
"7",21451620,184110465,"8518.40"
"8",21451623,184110495,"6402.99"
"9",27724157,184695499,""
"10",21451626,184110565,"3005.90"
"11",21451627,184110575,"9401.30"
"12",21451628,184110605,"8467.29"
"13",21451629,184110615,"6306.12"
"14",21451630,184110625,"3926.90"
"15",21451631,184110655,"8212.10"
"16",21451632,184110665,""
"17",21451633,184110675,"7222.20"
"18",21451634,184110685,"8708.99"
"19",21451635,184110695,"9401.61"
"20",21451636,184110715,"8903.99"
"21",21451637,184110755,"4201.00"
"22",21451638,184110765,"9401.61"
"23",21451639,184110775,"9401.61"
"24",21451643,184110815,""
"25",21451644,184110825,"4016.99"
"26",21451645,184110835,"3406.00"
"27",21451646,184110845,""
"28",21451647,184110855,""
"29",21451648,184110865,"8518.29"
"30",21451649,184110875,""
"31",21451650,184110885,"4202.12"
"32",21451653,184110915,"8428.40"
"33",21451654,184110925,"8302.41"
"34",21451658,184110965,""
"35",21451659,184110975,"8501.31"
"36",21451661,184110995,""
"37",21451662,184111005,"7324.90"
"38",21451663,184111015,"8505.11"
"39",21451664,184111025,""
"40",27724158,184696049,""
"41",21451668,184155108,"6908.90"
"42",21451670,184111055,"8422.30"
"43",21451671,184111065,"7315.12"
"44",21451674,184111095,"8482.30"
"45",21451675,184111105,""
"46",21451676,184111115,""
"47",21451678,184111145,"8708.30"
"48",21451682,184111245,"8544.42"
"49",21451685,184111275,"6305.33"
"50",21451686,184111285,"4202.12"
"51",21451687,184111315,"9403.60"
"52",21451688,184111325,""
"53",21451689,184111385,""
"54",27724160,184696749,""
"55",21451692,184111415,"1605.21"
"56",21451693,184111425,"4418.50"
"57",21451695,184111455,"8708.70"
"58",27724161,184698289,""
"59",27724162,184699079,""
"60",21451702,184111535,""
"61",21451703,184111565,"6403.99"
"62",21451707,184111605,"6402.99"
"63",21451708,184111615,"6402.99"
"64",27724163,184699349,""
"65",21451710,184111635,"9401.80"
"66",21451711,184111645,"6403.99"
"67",21451712,184111655,"6402.99"
"68",21451713,184111665,"6403.99"
"69",21451714,184111675,"6402.99"
"70",27724164,184700229,""
"71",21451727,184111905,"4202.92"
"72",21451728,184111915,"6301.40"
"73",21451729,184111925,"9403.60"
"74",21451730,184111935,"8423.10"
"75",21451731,184111945,"6206.40"
"76",27724165,184702019,""
"77",21451734,184111995,"9403.20"
"78",21451735,184112005,"6109.10"
"79",21451736,184112015,"6109.10"
"80",21451737,184112025,"6111.20"
"81",21451739,184112045,"6109.10"
"82",21451741,184112065,"6204.42"
"83",21451743,184112085,"8409.91"
"84",21451746,184112115,"8712.00"
"85",27724167,184702829,""
"86",21451748,184112135,"0405.10; 0713.90; 0901.21; 0904.22; 0908.31; 0910.20; 1006.30; 1509.10; 1905.90; 2001.90; 2005.51; 2005.60; 2005.70; 2005.99; 2006.00; 2007.91; 2101.20; 2103.20; 2103.90; 2104.10; 2202.91; 4419.19; 6912.00; 8211.91"
"87",21451749,184112145,"0405.10; 0713.90; 0901.21; 0904.22; 0908.31; 0910.20; 1006.30; 1509.10; 1905.90; 2001.90; 2005.51; 2005.60; 2005.70; 2005.99; 2006.00; 2007.91; 2101.20; 2103.20; 2103.90; 2104.10; 2202.91; 4419.19; 6912.00; 8211.91"
"88",27724168,184703129,""
"89",21451751,184112165,"1604.16"
"90",21451752,184112175,"0406.20; 0406.40; 0406.90; 1515.90; 1704.90; 1806.32; 1806.90; 2006.00; 2008.19"
"91",27724170,184703759,""
"92",21451755,184112205,"3303.00"
"93",27724171,184703799,""
"94",27724172,184704659,""
"95",21451762,184112305,""
"96",21451763,184112315,"8483.40"
"97",21451765,184112335,""
"98",21451766,184112345,""
"99",21451767,184112375,"8407.34"
"100",27724173,184704789,""
"101",21451770,184112455,""
"102",21451771,184112465,"3926.90"
"103",21451772,184112475,""
"104",21451773,184112485,"8708.99"
"105",21451774,184112505,"8708.99"
"106",21451775,184112515,"8514.10"
"107",21451776,184112525,""
"108",21451779,184112575,""
"109",27724174,184705009,""
"110",21451782,184112605,"3920.62"
"111",27724175,184705839,""
"112",21451786,184112665,"8507.20"
"113",21451788,184112685,"3926.40"
"114",27724176,184705969,""
"115",21451790,184112715,"1905.90"
"116",21451791,184112725,"3924.10"
"117",21451793,184112745,""
"118",21451794,184112755,"6505.90"
"119",21451795,184112765,"6505.90"
"120",21451796,184112775,"9404.90"
"121",27724177,184706259,""
"122",21451798,184112795,"6302.60"
"123",27724178,184706869,""
"124",27724179,184706919,""
"125",27724180,184707069,""
"126",21451802,184112835,"1006.30"
"127",21451803,184112845,"2103.90"
"128",27724181,184708119,""
"129",21451805,184112865,"2106.90"
"130",21451807,184112885,"0603.90; 4602.19"
"131",21451808,184112905,""
"132",27724182,184708769,""
"133",21451810,184112925,"3920.10"
"134",21451814,184112965,"4009.31"
"135",21451816,184112985,"7219.34"
"136",21451817,184112995,"7219.34"
"137",21451820,184113025,"9403.50"
"138",21451822,184113045,"3824.90"
"139",21451823,184113055,"8507.10"
"140",21451824,184113065,"4418.72"
"141",21451825,184113085,"4407.10"
"142",27724183,184709169,""
"143",21451829,184113125,"8481.80"
"144",21451830,184113135,"7326.90"
"145",21451831,184113145,"7304.29"
"146",21451832,184113155,""
"147",21451833,184113165,"8411.99"
"148",21451835,184113185,"0806.10"
"149",27724185,184710259,""
"150",27724188,184711549,""
"151",27724189,184712469,""
"152",27724191,184714359,""
"153",27724195,184716989,""
"154",27724196,184717069,""
"155",27724200,184718369,""
"156",27724201,184718429,""
"157",27724202,184720369,""
"158",27724203,184720669,""
"159",27724204,184720759,""
"160",27724205,184720839,""
"161",27724207,184722249,""
"162",27724208,184723219,""
"163",27724212,184725309,""
"164",27724215,184726349,""
"165",27724216,184727639,""
"166",27724217,184730179,""
"167",27724218,184730899,""
"168",27724220,184731059,""
"169",27724221,184732479,""
"170",27724222,184732649,""
"171",27724224,184735939,""
"172",27724227,184695636,""
"173",27724228,184695976,""
"174",27724229,184696106,""
"175",27724230,184697276,""
"176",27724232,184697716,""
"177",27724235,184699096,""
"178",27724236,184700016,""
"179",27724237,184700086,""
"180",27724239,184700406,""
"181",27724240,184700946,""
"182",27724244,184702706,""
"183",27724246,184703466,""
"184",27724249,184705266,""
"185",27724250,184705316,""
"186",27724252,184705646,""
"187",27724253,184705966,""
"188",21450669,184111908,""
"189",21450670,184111918,"4901.99"
"190",21450671,184111928,"9401.30"
"191",21450672,184111938,"9401.61"
"192",21450673,184111948,"6301.40"
"193",21450677,184111998,"6505.00"
"194",21450678,184112008,"6109.10"
"195",21450682,184112048,"6111.20"
"196",21450687,184112098,"8708.99"
"197",21450688,184112108,"9403.50"
"198",21450689,184112118,"9401.61; 9401.71; 9403.40; 9403.60"
"199",21450690,184112138,"0405.10; 0713.90; 0901.21; 0904.22; 0908.31; 0910.20; 1006.30; 1509.10; 1905.90; 2001.90; 2005.51; 2005.60; 2005.70; 2005.99; 2006.00; 2007.91; 2101.20; 2103.20; 2103.90; 2104.10; 2202.91; 4419.19; 6912.00; 8211.91"
"200",21450691,184112148,"0405.10; 0713.90; 0901.21; 0904.22; 0908.31; 0910.20; 1006.30; 1509.10; 1905.90; 2001.90; 2005.51; 2005.60; 2005.70; 2005.99; 2006.00; 2007.91; 2101.20; 2103.20; 2103.90; 2104.10; 2202.91; 4419.19; 6912.00; 8211.91"
"201",21450693,184112168,"0406.20; 0406.40; 0406.90; 1515.90; 1704.90; 1806.90; 2006.00; 2008.19"
"202",21450694,184112178,"0406.20; 0406.40; 0406.90; 1515.90; 1704.90; 1806.90; 2006.00; 2008.19"
"203",27724257,184707136,""
"204",27724258,184708146,""
"205",27724259,184708236,""
"206",21450700,184112278,"0709.59"
"207",21450702,184112298,""
"208",21450704,184112318,""
"209",21450705,184112338,"3923.30"
"210",21450706,184112348,"6004.10"
"211",27724260,184708346,""
"212",27724261,184709396,""
"213",27724262,184709496,""
"214",21450713,184112468,""
"215",21450715,184112488,"7318.21; 7318.29"
"216",27724263,184709596,""
"217",21450718,184112518,"4707.20"
"218",21450719,184112528,"7604.29"
"219",21450720,184112538,"2711.13"
"220",21450721,184112578,"8413.40"
"221",21450722,184112598,"8403.10"
"222",27724265,184710766,""
"223",27724266,184710916,""
"224",27724267,184710926,""
"225",21450731,184112718,"4819.40"
"226",21450732,184112728,"8409.99"
"227",27724269,184712766,""
"228",21450734,184112748,"6109.10"
"229",21450735,184112758,"6302.60"
"230",21450736,184112768,""
"231",27724270,184713006,""
"232",21450738,184112788,"4202.92"
"233",21450739,184112798,"3926.40"
"234",21450740,184112808,"9404.90"
"235",27724271,184714426,""
"236",27724272,184714816,""
"237",27724273,184715356,""
"238",27724274,184715666,""
"239",21450747,184112878,"7323.99"
"240",21450748,184112888,"9403.20; 9403.60"
"241",21450749,184112898,"7326.90"
"242",21450751,184112918,""
"243",21450752,184112928,"3920.10"
"244",21450754,184112948,"8708.99"
"245",21450755,184112958,"8708.99"
"246",21450756,184112968,""
"247",21450758,184112988,"7219.34"
"248",21450762,184113028,"9403.50"
"249",27724277,184716136,""
"250",21450766,184113068,"3926.90"
"251",21450767,184113078,"4407.10"
"252",21450771,184113128,"8609.00"
"253",21450772,184113138,"7326.90"
"254",21450773,184113148,""
"255",21450774,184113158,""
"256",21450775,184113168,""
"257",21450778,184113198,"9401.61"
"258",21450779,184113208,"4707.20"
"259",21450780,184113218,"4002.19"
"260",21450782,184113248,"4802.61"
"261",27724279,184716996,""
"262",21450789,184113608,"4901.99"
"263",21450790,184113618,"3923.50"
"264",21450791,184113628,"1509.10"
"265",21450792,184113638,""
"266",21450794,184113688,""
"267",21450798,184113728,""
"268",21450799,184113738,""
"269",21450800,184113758,"4402.90"
"270",21450803,184113788,"4418.20"
"271",21450804,184113798,"8609.00"
"272",21450805,184113808,"8483.60"
"273",21450806,184113818,"3901.10"
"274",21450807,184113828,"8483.60"
"275",21450808,184113838,"8708.99"
"276",21450809,184113848,"2501.00"
"277",21450811,184113878,""
"278",21450812,184113888,"2709.00"
"279",27724282,184718236,""
"280",21450816,184114458,"9019.10"
"281",21450818,184114628,"8481.90"
"282",21450819,184115018,"6802.91"
"283",21450820,184115048,"6802.93"
"284",21450821,184115058,"0304.29"
"285",21450822,184115068,"2917.19"
"286",21450824,184115488,"8301.40"
"287",21450825,184115738,"8708.99"
"288",27724284,184719766,""
"289",21450830,184116398,"6802.93"
"290",21450831,184116768,"3816.00"
"291",21450832,184116818,"8708.29"
"292",21450833,184116828,"8708.29"
"293",21450834,184116838,"8708.99"
"294",21450835,184116888,""
"295",21450837,184116998,""
"296",21450838,184117068,""
"297",21450839,184117188,"8708.99"
"298",27724286,184720456,""
"299",21450845,184117768,"6914.90.00"
"300",21450846,184117978,"1605.90"
"301",21450849,184118138,"8536.50"
"302",21450851,184118308,"8414.90"
"303",21450852,184118318,"6403.99"
"304",21450854,184118628,""
"305",27724288,184721686,""
"306",21450856,184118818,"0304.75"
"307",21450857,184119018,"2204.21"
"308",27724289,184722176,""
"309",21450863,184119348,"9405.10"
"310",27724290,184722486,""
"311",21450865,184119368,"9405.10"
"312",21450866,184119618,"8544.42"
"313",21450867,184119628,"9405.10"
"314",21450868,184119808,""
"315",21450872,184120718,"3808.93"
"316",21450874,184121798,"8503.00"
"317",21450875,184121808,"9405.40"
"318",21450876,184121928,"4011.10"
"319",21450877,184122038,"5404.90"
"320",21450880,184122468,"8483.30"
"321",21450881,184122548,""
"322",27724291,184723746,""
"323",27724292,184723936,""
"324",27724294,184724276,""
"325",27724295,184725206,""
"326",27724296,184725776,""
"327",27724298,184727306,""
"328",27724299,184727336,""
"329",27724300,184728336,""
"330",27724301,184731016,""
"331",27724302,184731956,""
"332",27724304,184736006,""
"333",27724306,184698538,""
"334",27724311,184702798,""
"335",27724314,184704628,""
"336",27724315,184705038,""
"337",27724316,184705918,""
"338",27724317,184705938,""
"339",27724319,184706258,""
"340",27724320,184706868,""
"341",27724321,184706898,""
"342",27724322,184707498,""
"343",27724323,184708188,""
"344",27724324,184708638,""
"345",27724325,184708768,""
"346",27724326,184709178,""
"347",27724327,184710258,""
"348",27724328,184710918,""
"349",27724329,184710958,""
"350",27724330,184713588,""
"351",27724331,184713598,""
"352",27724333,184714428,""
"353",27724335,184715668,""
"354",27724337,184717118,""
"355",27724338,184718148,""
"356",27724340,184718368,""
"357",27724342,184719728,""
"358",27724345,184720988,""
"359",27724346,184721728,""
"360",27724347,184722918,""
"361",27724351,184724018,""
"362",27724352,184724648,""
"363",27724355,184728138,""
"364",27724357,184730848,""
"365",27724358,184731288,""
"366",27724359,184732058,""
"367",27724360,184732488,""
"368",27724361,184732968,""
"369",27724363,184735938,""
"370",27724364,184735968,""
"371",27724365,186232753,""
"372",27724366,186233223,""
"373",27724367,186234343,""
"374",27724368,186234723,""
"375",27724371,186236913,""
"376",21450885,184123208,"9401.79"
"377",21450886,184123218,""
"378",21450887,184123328,""
"379",21450888,184123398,"2204.21"
"380",21450889,184123638,"8464.90"
"381",21450890,184123728,"8503.00"
"382",27724779,186268939,""
"383",27724780,186269039,""
"384",21450895,184123978,""
"385",21450898,184124028,"6204.62"
"386",21450899,184124038,""
"387",21450903,184124558,"3923.10"
"388",21450904,184124608,"8708.99"
"389",21450905,184124618,"3907.30"
"390",21450906,184124628,"3907.30"
"391",21450908,184124798,"7009.10"
"392",27724783,186272099,""
"393",21450911,184125608,"8708.99"
"394",27724784,186273279,""
"395",27724785,186274329,""
"396",27724786,186275229,""
"397",27724787,186275329,""
"398",21450919,184126198,"2513.20"
"399",21450921,184126638,"2204.10"
"400",27724788,186275569,""
"401",21450924,184126818,"3401.11"
"402",21450925,184126828,"3926.20"
"403",21450926,184126838,""
"404",21450928,184126858,"8516.50"
"405",21450929,184127228,"9403.60"
"406",21450930,184127238,"9403.60"
"407",27724789,186275899,""
"408",27724790,186275929,""
"409",21450933,184127288,"2204.21"
"410",21450934,184127328,"2936.28"
"411",27724791,186277529,""
"412",27724792,186277559,""
"413",27724795,186278029,""
"414",21450941,184128128,""
"415",21450943,184128438,"3926.40"
"416",27724796,186278239,""
"417",21450945,184128728,"8708.30"
"418",21450947,184129068,"8708.30"
"419",21450948,184129388,"3921.90; 8803.30"
"420",21450949,184129418,"6802.93"
"421",21450950,184129978,"0910.91"
"422",21450951,184130038,""
"423",21450952,184130798,"3701.30"
"424",21450953,184131098,"7306.30"
"425",21450954,184131628,"3902.10"
"426",21450955,184131838,"7013.49"
"427",27724797,186279749,""
"428",21450958,184131868,"9403.60"
"429",21450959,184131878,"7019.12"
"430",27724798,186280859,""
"431",27724799,186282979,""
"432",27724801,186284139,""
"433",27724802,186284729,""
"434",21450966,184133398,"8408.90"
"435",21450967,184133408,"8408.90"
"436",27724804,186285869,""
"437",27724805,186285889,""
"438",21450971,184133568,"7202.19"
"439",21450972,184133638,"8482.91"
"440",21450973,184133648,"8402.90"
"441",21450974,184133658,""
"442",21450975,184133668,"7210.49"
"443",21450976,184133678,"7210.49"
"444",21450977,184133828,"6810.99"
"445",21450979,184134158,""
"446",21450980,184135728,""
"447",21450981,184135768,"7326.90"
"448",27724806,186286669,""
"449",21450983,184136338,"8708.30"
"450",21450984,184138248,"9401.61"
"451",27724807,186286799,""
"452",21450988,184142638,"6805.10"
"453",27724808,186287109,""
"454",21450990,184142848,"9403.60"
"455",21450993,184143278,"1806.90"
"456",21450994,184143288,"8419.50; 8704.10"
"457",21450995,184143398,""
"458",21450997,184145458,"7403.11"
"459",21450998,184101005,"4407.29"
"460",21450999,184101015,"3801.10"
"461",21451001,184101035,"0409.00"
"462",21451002,184101045,"8903.99"
"463",21451006,184101125,"2917.19"
"464",21451007,184101135,""
"465",21451008,184101145,"3926.90"
"466",21451009,184101155,"9401.61"
"467",21451010,184101175,"8708.30"
"468",21451011,184101185,"8529.10"
"469",27724810,186287319,""
"470",21451015,184101255,"8454.90"
"471",21451016,184101285,"6802.93"
"472",21451017,184101315,"6804.22"
"473",27724811,186288349,""
"474",21451020,184101445,"8525.80"
"475",21451021,184101455,""
"476",21451023,184101475,""
"477",21451026,184101505,"8413.91"
"478",21451027,184101545,"6815.10"
"479",21451028,184101555,"0304.29"
"480",21451029,184101565,"0304.71"
"481",21451030,184101585,"2005.99"
"482",21451031,184101605,"7013.99"
"483",21451032,184101625,"9503.00"
"484",27724813,186288679,""
"485",27724814,186289089,""
"486",21451035,184101695,"3924.90"
"487",21451036,184101705,"8413.70"
"488",21451037,184101735,"4814.20"
"489",21451038,184101745,"8472.90"
"490",21451044,184102005,"8481.80"
"491",27724816,186289639,""
"492",27724817,186290419,""
"493",21451047,184102035,"4010.12"
"494",21451049,184102065,"7324.90"
"495",21451050,184102085,"3924.90; 9503.00"
"496",21451051,184102095,"6307.90"
"497",21451052,184102105,"9503.00"
"498",21451053,184102145,"8207.13"
"499",21451057,184102235,"6802.93"
"500",21451059,184102255,"8481.90.10.00"
"501",21451060,184102265,"3918.10"
"502",27724820,186290899,""
"503",21451064,184102395,""
"504",21451065,184102405,"9403.30"
"505",21451067,184102425,"2203.00"
"506",27724821,186291929,""
"507",21451070,184102465,"6211.43"
"508",21451071,184102475,"6110.20"
"509",21451074,184102575,"3920.10"
"510",21451075,184102585,"8532.25"
"511",21451076,184102605,"2204.21"
"512",21451077,184102615,"2204.21"
"513",21451079,184102635,"9401.79"
"514",27724824,186294989,""
"515",27724826,186295189,""
"516",21451083,184102675,"8467.29; 8509.80"
"517",21451085,184102695,"8516.50"
"518",21451086,184102705,"7315.82"
"519",21451087,184102725,"9503.00"
"520",21451088,184102735,"8433.11"
"521",21451089,184102745,"9401.79"
"522",21451090,184102755,"9403.20"
"523",27724828,186296679,""
"524",21451092,184102775,""
"525",21451093,184102785,""
"526",21451094,184102795,"4016.91"
"527",21451095,184102805,"4819.40"
"528",21451096,184102815,"9505.10"
"529",21451097,184102825,"9609.90"
"530",21451098,184102835,"7009.92"
"531",21451099,184102845,"3924.90"
"532",21451100,184102855,"9503.00"
"533",21451101,184102875,"8803.30"
"534",21451102,184102905,"9401.61"
"535",27724829,186297799,""
"536",21451105,184102935,"4818.30"
"537",27724830,186298389,""
"538",27724831,186298769,""
"539",27724832,186298819,""
"540",27724833,186298989,""
"541",27724835,186233827,""
"542",27724837,186234807,""
"543",27724838,186235057,""
"544",27724839,186235097,""
"545",27724841,186237217,""
"546",27724842,186237887,""
"547",27724843,186238147,""
"548",27724844,186238857,""
"549",27724845,186238927,""
"550",27724848,186241037,""
"551",27724850,186241287,""
"552",27724856,186243347,""
"553",27724857,186244157,""
"554",27724858,186244867,""
"555",27724859,186245157,""
"556",27724863,186247297,""
"557",27724865,186249837,""
"558",27724868,186252017,""
"559",27724869,186253027,""
"560",27724870,186253667,""
"561",27724873,186255817,""
"562",27724874,186256637,""
"563",27724877,186261287,""
"564",27724878,186261307,""
"565",27724879,186261317,""
"566",27724880,186261387,""
"567",27724881,186261437,""
"568",27724882,186262387,""
"569",27724883,186262477,""
"570",27724884,186262687,""
"571",27724885,186263337,""
"572",27724887,186264187,""
"573",27724888,186264267,""
"574",27724889,186265047,""
"575",27724890,186266227,""
"576",27724891,186268017,""
"577",27724892,186268697,""
"578",27724894,186269797,""
"579",27724896,186272737,""
"580",27724898,186273447,""
"581",27724899,186274537,""
"582",27724900,186274877,""
"583",27724901,186274907,""
"584",27724903,186275137,""
"585",27724904,186275557,""
"586",27724905,186276007,""
"587",27724909,186278007,""
"588",27724910,186278557,""
"589",27724911,186278767,""
"590",27724913,186279697,""
"591",27724914,186279827,""
"592",27724915,186280007,""
"593",27724916,186280117,""
"594",27724918,186281567,""
"595",27724920,186282267,""
"596",27724921,186283837,""
"597",27724922,186284637,""
"598",27724923,186284847,""
"599",27724924,186285857,""
"600",27724926,186287047,""
"601",27724928,186288297,""
"602",27724929,186288647,""
"603",27724930,186288667,""
"604",27724931,186288677,""
"605",27724932,186289097,""
"606",27724935,186290867,""
"607",27724937,186291967,""
"608",27724938,186292247,""
"609",27724939,186292767,""
"610",27724941,186293137,""
"611",27724943,186294527,""
"612",27724945,186295157,""
"613",21451108,184102975,""
"614",21451109,184102985,"9304.00"
"615",21451110,184103005,"3204.12"
"616",21451113,184103035,"6802.91"
"617",21451114,184103045,"9404.10"
"618",27724947,186295957,""
"619",21451116,184103065,"3503.00"
"620",21451118,184103085,"9403.70"
"621",27724948,186296197,""
"622",27724949,186296387,""
"623",21451122,184103125,"9619.00"
"624",27724950,186296457,""
"625",27724951,186296787,""
"626",21451126,184103175,"6810.19"
"627",27724952,186296867,""
"628",21451130,184103215,""
"629",21451131,184103225,"6204.32"
"630",21451132,184103235,"6204.43"
"631",21451133,184103245,"6403.99"
"632",27724954,186298387,""
"633",21451136,184103275,"8414.80"
"634",21451139,184103355,"0801.32"
"635",21451140,184103365,"9401.61"
"636",21451141,184103385,"8803.30"
"637",21451144,184103435,"7009.91; 9403.60; 9403.90"
"638",27724955,186298707,""
"639",21451146,184103485,"9404.90"
"640",21451147,184103505,"9503.00"
"641",21451151,184103565,""
"642",27724957,186231831,""
"643",21451156,184103625,"8427.20"
"644",27724959,186233731,""
"645",21451158,184103665,"9403.60"
"646",21451163,184103725,"6115.21"
"647",21451164,184103735,"4011.10"
"648",21451165,184103745,"8415.90"
"649",21451166,184103755,"8534.00"
"650",21451167,184103765,"3926.90; 9401.20"
"651",21451169,184103795,"3926.90; 9401.20"
"652",21451170,184103805,""
"653",27724960,186234611,""
"654",21451175,184103855,"8708.99"
"655",21451177,184103885,"7326.90"
"656",21451178,184103895,""
"657",21451179,184103905,"2208.30"
"658",21451180,184103925,"8803.30"
"659",21451183,184103955,"9503.00; 9506.91"
"660",21451184,184103965,"5407.20"
"661",21451185,184103975,""
"662",27724962,186235851,""
"663",21451188,184104015,"4202.92"
"664",27724963,186237001,""
"665",21451190,184104045,""
"666",21451192,184104065,"8424.89"
"667",21451193,184104075,"5801.36"
"668",21451194,184104085,"4202.12"
"669",21451196,184104105,"3902.10"
"670",21451197,184104115,"3923.90"
"671",27724965,186237391,""
"672",21451200,184104155,"8544.49"
"673",21451201,184104165,"3918.10"
"674",21451203,184104215,"8311.20"
"675",21451204,184104225,"6908.90"
"676",21451205,184104235,"6908.90"
"677",21451206,184104245,"6908.90"
"678",21451207,184104255,"7016.10"
"679",21451208,184104265,"6908.90"
"680",21451209,184104285,"4409.10"
"681",21451212,184104315,""
"682",21451213,184104325,"3304.99"
"683",21451214,184104335,"3304.99"
"684",21451215,184104345,"8411.99"
"685",21451218,184104385,"6802.91"
"686",21451219,184104395,"2208.90"
"687",27724967,186238951,""
"688",27724968,186241181,""
"689",21451223,184104445,"0801.11"
"690",27724969,186241761,""
"691",21451225,184104525,"4703.21"
"692",21451226,184104535,"7017.20"
"693",21451228,184104665,"9401.79"
"694",21451230,184104685,"8509.40"
"695",21451231,184104705,"8503.00"
"696",21451234,184104735,"2401.20"
"697",21451235,184104745,""
"698",21451236,184104755,"9022.90.80"
"699",21451238,184104775,"9401.80.00"
"700",21451239,184104785,"5407.51; 5903.20"
"701",21451241,184104805,"8419.50; 8419.90.85"
"702",21451242,184104815,"3206.49; 9603.30; 9603.50"
"703",21451243,184104825,""
"704",27724970,186241791,""
"705",21451245,184104845,"4009.21.00; 4009.22.00; 4009.32.00; 4016.93.00; 7307.92.90; 7307.99.10; 7318.24.00; 7318.29.00; 8431.49; 8484.20.00; 8484.90.00; 9026.90.00"
"706",21451246,184104855,""
"707",21451247,184104865,"1509.90"
"708",27724971,186242461,""
"709",27724972,186242991,""
"710",21451251,184104935,"8708.30"
"711",21451252,184104945,""
"712",21451253,184104955,"8413.91"
"713",21451254,184104965,"6201.92"
"714",21451255,184104975,""
"715",27724973,186243231,""
"716",21451257,184105015,""
"717",21451260,184105055,"2204.21"
"718",27724975,186243491,""
"719",27724976,186243561,""
"720",21451265,184105105,"7304.41"
"721",21451267,184105125,"9403.60"
"722",21451269,184105145,"9023.00"
"723",21451271,184105175,"5911.90"
"724",21451273,184105195,"8481.90"
"725",21451274,184105205,"0801.11"
"726",21451276,184105235,"9503.00"
"727",21451278,184105275,"9403.20"
"728",21451279,184105295,""
"729",21451280,184105305,""
"730",21451283,184105335,""
"731",21451284,184105345,""
"732",21451285,184105355,""
"733",21451292,184105425,""
"734",21451293,184105445,""
"735",21451294,184105465,"1704.90"
"736",21451295,184105495,"8716.90"
"737",21451296,184105515,"8504.34; 8517.62"
"738",21451297,184105525,"9503.00"
"739",21451298,184105535,""
"740",21451299,184105555,""
"741",27724980,186246841,""
"742",21451301,184105615,"6110.20"
"743",21451302,184148838,"4016.99"
"744",27724981,186246861,""
"745",21451305,184105675,"2933.69"
"746",21451306,184105685,"6810.19"
"747",21451307,184105705,"3924.10"
"748",21451308,184105725,"6110.30"
"749",27724982,186247711,""
"750",21451318,184106015,"6403.91; 6403.99"
"751",21451319,184106035,"7308.40"
"752",21451320,184106045,"6406.90"
"753",21451321,184106055,""
"754",21451322,184106065,""
"755",21451324,184106085,"2204.21"
"756",21451327,184106115,"3924.90"
"757",21451330,184106195,"7016.10"
"758",21451331,184106215,"7010.90"
"759",21451332,184106225,"2201.10"
"760",21451333,184106235,"2201.10"
"761",21451334,184106255,"8481.80"
"762",21451336,184106285,"2204.29"
"763",21451337,184106315,"1902.19"
"764",21451339,184106345,"2204.10"
"765",21451340,184106365,"8507.20"
"766",21451341,184106375,"8504.31"
"767",21451342,184106385,"8504.31"
"768",21451343,184106405,""
"769",21451344,184106415,"9401.61"
"770",21451345,184106425,"7312.10"
"771",21451346,184106435,"8518.29"
"772",27724988,186252961,""
"773",27724989,186254241,""
"774",27724990,186255591,""
"775",27724991,186257511,""
"776",27724992,186258011,""
"777",27724993,186258781,""
"778",27724994,186259051,""
"779",27724996,186260381,""
"780",27724997,186260931,""
"781",27724998,186261301,""
"782",27724999,186261401,""
"783",27725002,186262181,""
"784",27725003,186262661,""
"785",27725004,186263121,""
"786",27725005,186263981,""
"787",27725007,186264251,""
"788",27725009,186264491,""
"789",27725010,186265511,""
"790",27725011,186266441,""
"791",27725012,186266941,""
"792",27725015,186268331,""
"793",27725017,186269491,""
"794",27725019,186271271,""
"795",27725022,186273491,""
"796",27725023,186274071,""
"797",27725026,186274741,""
"798",27725029,186277511,""
"799",27725030,186277941,""
"800",27725032,186279711,""
"801",27725033,186280031,""
"802",27725034,186280121,""
"803",27725036,186280811,""
"804",27725037,186281431,""
"805",27725038,186283051,""
"806",27725040,186286731,""
"807",27725043,186288631,""
"808",27725044,186288671,""
"809",27725046,186290421,""
"810",27725047,186290731,""
"811",27725049,186291201,""
"812",27725051,186291861,""
"813",27725053,186293911,""
"814",27725054,186294581,""
"815",27725056,186295951,""
"816",27725057,186296241,""
"817",27725058,186296761,""
"818",27725059,186296781,""
"819",27725061,186297741,""
"820",27725062,186298731,""
"821",27725063,186231852,""
"822",27725064,186233472,""
"823",21451348,184106455,"9401.61"
"824",21451350,184106515,"8302.42"
"825",21451351,184106525,"4202.92"
"826",21451353,184106545,""
"827",21451355,184106565,"8418.10"
"828",21451358,184106595,"3926.90"
"829",21451359,184106615,"6103.43"
"830",21451360,184106635,""
"831",21451361,184106645,"3401.11"
"832",27725065,186233672,""
"833",21451364,184106735,"9401.61"
"834",21451365,184106745,""
"835",21451366,184106755,""
"836",21451368,184106775,"9506.39"
"837",21451369,184106785,"6908.90"
"838",21451370,184106795,""
"839",21451372,184106825,""
"840",21451373,184106835,"8301.40"
"841",21451376,184106875,""
"842",21451378,184106915,"8504.90"
"843",21451379,184106925,"8471.60"
"844",21451380,184106935,"9105.21"
"845",21451382,184106975,"8481.80"
"846",21451383,184106985,""
"847",21451385,184107015,"2204.21"
"848",21451386,184107025,"2001.90"
"849",21451388,184107045,"1902.19"
"850",21451389,184107105,""
"851",21451390,184107135,"8504.40"
"852",21451391,184107155,""
"853",21451392,184107165,"8518.40"
"854",21451393,184107175,"8473.30"
"855",21451398,184107225,"8414.80"
"856",27725066,186234352,""
"857",21451404,184107285,""
"858",21451406,184107305,""
"859",21451407,184107325,"6913.90"
"860",21451408,184107335,""
"861",21451409,184107365,"9401.79"
"862",21451410,184107375,"3917.40"
"863",21451411,184107385,"0902.10"
"864",21451414,184107415,"3923.10"
"865",21451416,184107435,"8528.59"
"866",21451418,184107475,"9506.91"
"867",21451420,184107505,"8516.50"
"868",21451421,184107535,"4011.10"
"869",21451422,184107545,"6403.99"
"870",21451423,184107555,"4602.11"
"871",21451425,184107575,"7318.15"
"872",21451426,184107585,"7318.15"
"873",21451427,184107595,"6402.99"
"874",21451428,184107605,"2005.99"
"875",21451429,184107615,""
"876",21451430,184107625,"9503.00"
"877",21451431,184107635,""
"878",21451432,184107675,"9503.00"
"879",21451433,184107695,"2506.10"
"880",21451434,184107725,""
"881",21451436,184107745,"8414.59"
"882",21451443,184107815,""
"883",21451445,184107835,"8473.30"
"884",21451446,184107845,""
"885",21451449,184107875,""
"886",21451450,184107885,"8302.42"
"887",21451451,184107895,""
"888",21451452,184107915,"9405.20"
"889",21451453,184107925,"8517.62"
"890",21451455,184107945,"3926.90; 9004.90"
"891",21451456,184107975,"9405.50"
"892",21451458,184107995,"3926.90; 9015.90.00"
"893",21451460,184108055,"7220.20; 7306.40; 8405.10"
"894",21451463,184108105,"7326.90"
"895",21451464,184108115,"9405.10"
"896",21451465,184108125,"8414.59.30.00; 8508.19.00.00"
"897",21451466,184108175,"7321.11"
"898",21451467,184108235,"6912.00"
"899",21451469,184108255,"9403.50"
"900",21451471,184108275,"4107.12; 4114.20.00"
"901",21451472,184108295,"4901.99"
"902",21451473,184108305,"6908.90"
"903",21451474,184108335,"6908.90"
"904",21451476,184108355,"9506.31"
"905",21451479,184108435,"3902.10"
"906",21451481,184108465,"8538.90"
"907",21451482,184108475,"5209.42"
"908",27725069,186235862,""
"909",27725070,186235972,""
"910",27725071,186237462,""
"911",21451486,184108535,"8471.41; 8544.42"
"912",21451487,184108545,"9403.60"
"913",21451488,184108555,"9505.90"
"914",21451489,184108565,"6810.19"
"915",21451490,184108575,"6810.19"
"916",21451491,184108595,""
"917",21451492,184108605,"9603.90"
"918",27725072,186237642,""
"919",21451495,184108635,"7325.99"
"920",21451496,184108645,"9025.19; 9026.20"
"921",21451497,184108655,"7308.90"
"922",27725074,186239892,""
"923",21451499,184108675,"9403.20"
"924",21451501,184108705,"6402.99"
"925",21451503,184108735,"9401.61"
"926",27725075,186240032,""
"927",21451505,184108755,""
"928",21451509,184108795,"3926.90"
"929",21451510,184108805,"8480.71"
"930",21451512,184108825,""
"931",21451513,184108835,"7009.92"
"932",21451514,184108845,"9405.20"
"933",21451515,184108855,"7318.16"
"934",21451519,184108915,"9506.29"
"935",21451520,184108925,"4819.20"
"936",21451523,184108955,"8528.59"
"937",27725078,186241762,""
"938",21451528,184109015,"9405.40"
"939",21451529,184109025,"8708.50"
"940",27725080,186243922,""
"941",21451533,184109105,""
"942",21451537,184109155,"3926.40"
"943",21451538,184109165,""
"944",21451539,184109175,""
"945",21451541,184109255,"6802.21"
"946",21451543,184109275,"6402.99"
"947",21451544,184109285,""
"948",21451547,184109325,"7324.10"
"949",21451548,184109345,"6212.10"
"950",27725081,186243972,""
"951",21451552,184109445,"9304.00"
"952",27725083,186244862,""
"953",21451554,184109465,""
"954",21451555,184109475,"8708.99"
"955",21451556,184109485,"8481.90"
"956",21451557,184109495,"9506.99"
"957",21451558,184109505,"2836.99"
"958",21451559,184109525,"9506.99"
"959",27725084,186245292,""
"960",21451561,184109555,"8516.10"
"961",27725086,186249312,""
"962",21451564,184109585,"6402.99"
"963",21451565,184109595,"6402.99"
"964",21451566,184109605,"9503.00"
"965",21451567,184109615,"9503.00"
"966",21451568,184109625,"9503.00"
"967",27725087,186249912,""
"968",21451573,184109675,"8537.10"
"969",21451575,184109695,"3808.91"
"970",21451577,184109715,"3924.90"
"971",27725089,186251452,""
"972",21451593,184109875,"8517.62"
"973",21451594,184109885,"3924.90"
"974",21451596,184109905,"9503.00"
"975",21451598,184109935,"9403.20"
"976",21451599,184109945,"9403.90"
"977",21451600,184109955,"9403.90"
"978",21451601,184109965,"8509.80"
"979",21451602,184109975,""
"980",21451605,184110015,""
"981",21451607,184110085,"9403.20"
"982",21451608,184110135,"9503.00"
"983",27725093,186254042,""
"984",27725094,186254402,""
"985",27725095,186254572,""
"986",27725096,186254652,""
"987",27725097,186254942,""
"988",27725098,186255712,""
"989",27725100,186256312,""
"990",27725101,186256322,""
"991",27725102,186256542,""
"992",27725103,186257512,""
"993",27725105,186259942,""
"994",27725108,186260932,""
"995",27725112,186261502,""
"996",27725113,186262802,""
"997",27725116,186264742,""
"998",27725118,186266942,""
"999",27725122,186268152,""
"1000",27725123,186269502,""
